date,title,points,comments
2021-01-13T06:02:54+00:00,Mercredi Tech - 2021-01-13,15 points,227 commentaires
2021-01-06T07:17:13+00:00,Mercredi Tech - 2021-01-06,18 points,194 commentaires
2020-12-30T05:56:05+00:00,Mercredi Tech - 2020-12-30,17 points,152 commentaires
2020-12-23T07:06:42+00:00,Mercredi Tech - 2020-12-23,15 points,173 commentaires
2020-12-16T07:03:31+00:00,Mercredi Tech - 2020-12-16,14 points,171 commentaires
2020-12-09T17:56:49+00:00,le Gentil Organisateur des Mercredi Tech /u/ChuckMauriceFacts streame à 19h un montage de PC ! Viendez ;),12 points,1 commentaire
2020-12-09T07:02:21+00:00,Mercredi Tech - 2020-12-09,19 points,230 commentaires
2020-12-02T06:47:11+00:00,Mercredi Tech - 2020-12-02,28 points,283 commentaires
2020-11-25T06:44:39+00:00,Mercredi Tech - 2020-11-25,17 points,154 commentaires
2020-11-18T07:25:55+00:00,Mercredi Tech - 2080-11-18,18 points,296 commentaires
2020-11-11T06:51:05+00:00,Mercredi Tech - 2020-11-11,16 points,161 commentaires
2020-11-04T05:18:27+00:00,Mercredi Tech - 2020-11-04,18 points,212 commentaires
2020-10-28T06:58:31+00:00,Mercredi Tech - 2020-10-28,19 points,173 commentaires
2020-10-21T05:03:52+00:00,Mercredi Tech - 2020-10-21,14 points,209 commentaires
2020-10-15T07:26:31+00:00,Tapis de souris XXL design en france?,2 points,7 commentaires
2020-10-14T05:57:59+00:00,Mercredi Tech - 2020-10-14,21 points,222 commentaires
2020-10-07T05:50:40+00:00,Mercredi Tech - 2020-10-07,13 points,169 commentaires
2020-09-30T05:20:27+00:00,Mercredi Tech - 2020-09-30,10 points,166 commentaires
2020-09-23T06:33:36+00:00,Mercredi Tech - 2020-09-23,20 points,201 commentaires
2020-09-16T04:55:53+00:00,Mercredi Tech - 2020-09-16,19 points,123 commentaires
2020-09-09T05:57:17+00:00,Mercredi Tech - 2020-09-09,12 points,195 commentaires
2020-09-02T04:33:32+00:00,Mercredi Tech - 2020-09-02,17 points,202 commentaires
2020-08-27T13:45:56+00:00,Routeur conseils d'achat,6 points,25 commentaires
2020-08-26T06:01:45+00:00,Mercredi Tech - 2020-08-26,15 points,246 commentaires
2020-08-19T06:04:25+00:00,Mercredi Tech - 2020-08-19,15 points,274 commentaires
2020-08-12T05:51:24+00:00,Mercredi Tech - 2020-08-12,14 points,162 commentaires
2020-08-05T05:56:42+00:00,Mercredi Tech - 2020-08-05,14 points,128 commentaires
2020-07-29T07:06:12+00:00,Mercredi Tech - 2020-07-29,15 points,184 commentaires
2020-07-22T07:02:30+00:00,Mercredi Tech - 2020-07-22,6 points,293 commentaires
2020-07-15T07:28:09+00:00,Mercredi Tech - 2020-07-15,13 points,157 commentaires
2020-07-08T06:55:37+00:00,Mercredi Tech - 2020-07-08,13 points,134 commentaires
2020-07-01T05:57:08+00:00,Mercredi Tech - 2020-07-01,11 points,204 commentaires
2020-06-24T06:03:03+00:00,Mercredi Tech - 2020-06-24,12 points,239 commentaires
2020-06-17T06:18:02+00:00,Mercredi Tech - 2020-06-17,21 points,193 commentaires
2020-06-10T05:56:51+00:00,Mercredi Tech - 2020-06-10,16 points,152 commentaires
2020-06-03T05:33:46+00:00,Mercredi Tech - 2020-06-03,12 points,135 commentaires
2020-05-27T04:15:14+00:00,Mercredi Tech - 2020-05-27,11 points,102 commentaires
2020-05-20T06:11:02+00:00,Mercredi Tech - 2020-05-20,9 points,166 commentaires
2020-05-13T05:31:08+00:00,Mercredi Tech - 2020-05-13,19 points,228 commentaires
2020-05-06T06:03:54+00:00,Mercredi Tech - 2020-05-06,16 points,233 commentaires
2020-04-29T05:00:37+00:00,Mercredi Tech - 2020-04-29,15 points,154 commentaires
2020-04-22T04:24:00+00:00,Mercredi Tech - 2020-04-22,12 points,103 commentaires
2020-04-15T07:35:54+00:00,Mercredi Tech - 2020-04-15,16 points,99 commentaires
2020-04-08T07:49:20+00:00,Mercredi Tech - 2020-04-08,14 points,162 commentaires
2020-04-01T11:27:21+00:00,Mercredi Tech - 2020-04-01 - Blackberry rachète Apple et les iPhones passent sous Symbian 7.0,7 points,43 commentaires
2020-03-25T08:01:57+00:00,Mercredi Tech - 2020-03-25 - Les consoles Next Gen,25 points,128 commentaires
2020-03-18T09:16:19+00:00,Mercredi Tech - 2020-03-18,18 points,140 commentaires
2020-03-17T09:19:07+00:00,Thread cinéma - Qu'allez-vous regarder ?,8 points,12 commentaires
2020-03-11T08:23:22+00:00,Mercredi Tech - 2020-03-11,20 points,139 commentaires
2020-03-04T07:17:10+00:00,Mercredi Tech - 2020-03-04,18 points,214 commentaires
2020-02-26T07:16:14+00:00,Mercredi Tech - 2020-02-26,58 points,139 commentaires
2020-02-25T11:05:19+00:00,Consultation : faut-il modifier les règles de modération vis-à-vis des publications vers d'autres réseaux sociaux ?,77 points,171 commentaires
2020-02-19T07:14:55+00:00,Mercredi Tech - 2020-02-19,12 points,68 commentaires
2020-02-12T07:26:20+00:00,Mercredi Tech - 2020-02-12,14 points,139 commentaires
2020-02-05T07:49:21+00:00,Mercredi Tech - 2020-02-05,15 points,139 commentaires
2020-01-29T07:11:14+00:00,Mercredi Tech - Megathread Linux,115 points,328 commentaires
2020-01-22T08:23:13+00:00,Mercredi Tech - 2020-01-22,14 points,182 commentaires
2020-01-15T06:51:50+00:00,Mercredi Tech - 2020-01-15,15 points,192 commentaires
2020-01-08T08:17:45+00:00,Mercredi Tech - 2020-01-08,15 points,162 commentaires
2019-12-25T01:04:34+00:00,Mercredi Tech - 2019-12-25 - Joyeux Noël,21 points,77 commentaires
2019-12-18T07:38:09+00:00,Mercredi Tech - 2019-12-18,20 points,105 commentaires
2019-12-17T10:01:05+00:00,Guide moniteurs [2/2] : guide d'achat selon budget et besoins,109 points,93 commentaires
2019-12-16T10:27:11+00:00,"Guide moniteurs [1/2] : résolution/définition, type de dalle, fréquence",238 points,76 commentaires
2019-12-11T06:24:34+00:00,Mercredi Tech - 2019-12-11,8 points,201 commentaires
2019-12-04T08:15:15+00:00,Mercredi Tech - 2019-12-04,12 points,154 commentaires
2019-11-27T09:10:06+00:00,Mercredi Tech - 2019-11-27,12 points,188 commentaires
2019-11-20T07:06:56+00:00,Mercredi Tech - 2019-11-20,19 points,182 commentaires
2019-11-13T06:32:45+00:00,Mercredi Tech - 2019-11-13,14 points,119 commentaires
2019-11-06T07:13:27+00:00,Mercredi Tech - 2019-11-06,8 points,114 commentaires
2019-10-30T06:41:37+00:00,Mercredi Tech - 2019-10-30,13 points,124 commentaires
2019-10-23T06:21:12+00:00,Mercredi Tech - 2019-10-23,13 points,219 commentaires
2019-10-16T06:22:21+00:00,Mercredi Tech - 2019-10-16,17 points,149 commentaires
2019-10-09T06:19:11+00:00,Mercredi Tech - 2019-10-09,11 points,225 commentaires
2019-10-02T06:14:12+00:00,Mercredi Tech - 2019-10-02,14 points,141 commentaires
2019-09-25T06:21:12+00:00,Mercredi Tech - 2019-09-25,11 points,174 commentaires
2019-09-18T05:55:57+00:00,Mercredi Tech - 2019-09-18,19 points,178 commentaires
2019-09-11T05:51:04+00:00,Mercredi Tech - 2019-09-11,14 points,155 commentaires
2019-09-04T05:54:58+00:00,Mercredi Tech - Megathread Single Board Computers (Raspberry Pi...),54 points,117 commentaires
2019-08-28T05:49:13+00:00,Mercredi Tech - 2019-08-28,13 points,193 commentaires
2019-08-21T05:27:35+00:00,Mercredi Tech - 2019-08-21,16 points,203 commentaires
2019-08-14T05:49:04+00:00,Mercredi Tech - 2019-08-14,13 points,115 commentaires
2019-08-07T05:58:10+00:00,Mercredi Tech - Megathread vie privée/protection des données,85 points,211 commentaires
2019-07-31T05:48:10+00:00,Mercredi Tech,31 points,215 commentaires
2019-06-12T06:57:06+00:00,Mercredi TechSupport/conseil à l'achat,21 points,72 commentaires
2019-06-05T06:06:54+00:00,Mercredi TechSupport/conseil à l'achat,24 points,151 commentaires
2019-02-27T08:31:04+00:00,Mercredi TechSupport/conseil à l'achat - AirFrance répare votre matos,12 points,116 commentaires
2019-02-13T08:09:39+00:00,Mercredi TechSupport/conseil à l'achat - AirFrance répare votre matos,27 points,151 commentaires
2018-11-19T12:12:15+00:00,"[AMA] FibreTigre (Game Designer, Scénariste, Chroniqueur ...) le Jeudi 22 Novembre sur r/jeuxvideo !",51 points,5 commentaires
2018-09-19T06:59:33+00:00,Mercredi TechSupport - sudo apt-get rekt,43 points,112 commentaires
2018-09-05T07:12:03+00:00,"Mercredi TechSupport - Quand ça rate, formate",170 points,478 commentaires
